,day,avg_by_day_week
0,3,4.49865470852018
1,4,4.498947368421053
2,5,4.535269709543568
3,0,4.566287878787879
4,1,4.594907407407407
5,2,4.609958506224066
6,6,4.65406427221172
